model,mode,seed,test_acc,test_macro_f1,val_macro_f1,best_epoch,train_seconds
cnn,input,1,0.16666666666666602,0.12522889643020402,0.13201298736302702,3,67.7
cnn,input,2,0.16666666666666602,0.10953564308947501,0.11287274766537402,2,66.6
cnn,input,3,0.16666666666666602,0.13357006136614202,0.13473505070660602,5,82.0
lstm,input,1,0.16666666666666602,0.111063388734689,0.10982295891752601,5,172.7
cnn,input_output,1,0.64207650273224,0.6236986812542851,0.6157069710924601,7,272.7
cnn,input_output,2,0.661202185792349,0.6413482977308661,0.6513608590900251,13,403.4
cnn,input_output,3,0.637978142076502,0.6258284573392371,0.622740508385345,8,292.0
lstm,input_output,1,0.5860655737704911,0.5675585713087681,0.5581540616085421,11,3409.4
cnn,output,1,0.6516393442622951,0.6348736444273541,0.660648994029299,14,369.0
cnn,output,2,0.628415300546448,0.633366703487327,0.6483609749953531,11,512.1
cnn,output,3,0.609289617486338,0.588309166764868,0.6173226810954671,9,271.9
lstm,output,1,0.584699453551912,0.5689190937202571,0.5539681074996551,12,2225.0
lstm,output,2,0.5887978142076501,0.582081349701701,0.563374213181554,14,2068.1
lstm,output,3,0.6147540983606551,0.6116426151709771,0.574552430728388,13,2690.5
